profile_id,household_id,observation_date,instrument,dwelling_type,water_source,sanitation_facility,cooking_fuel,electricity_access,income_source,collected_by,profile_status,observed_at,source_system
SEP-00001,HH-002317,2026-06-01,PMT-SOL-2026,semi_permanent,protected_well,improved_latrine,charcoal,true,informal_work,SRO enumerator,current,2026-07-04T09:00:00Z,SRO-CORE
SEP-00002,HH-002318,2026-06-01,PMT-SOL-2026,semi_permanent,protected_well,improved_latrine,charcoal,true,informal_work,SRO enumerator,current,2026-07-04T09:00:00Z,SRO-CORE
SEP-00003,HH-002319,2026-06-01,PMT-SOL-2026,semi_permanent,protected_well,improved_latrine,charcoal,true,informal_work,SRO enumerator,current,2026-07-04T09:00:00Z,SRO-CORE
SEP-00004,HH-002320,2026-06-01,PMT-SOL-2026,semi_permanent,protected_well,improved_latrine,charcoal,true,informal_work,SRO enumerator,current,2026-07-04T09:00:00Z,SRO-CORE
SEP-00005,HH-002321,2026-06-01,PMT-SOL-2026,semi_permanent,protected_well,improved_latrine,charcoal,true,informal_work,SRO enumerator,current,2026-07-04T09:00:00Z,SRO-CORE
SEP-00006,HH-002322,2026-06-01,PMT-SOL-2026,semi_permanent,protected_well,improved_latrine,charcoal,true,informal_work,SRO enumerator,current,2026-07-04T09:00:00Z,SRO-CORE
SEP-00007,HH-003000,2026-05-01,PMT-SOL-2026,permanent,piped,flush,electricity,true,wage_work,SRO enumerator,current,2026-07-04T09:00:00Z,SRO-CORE
SEP-00008,HH-003001,2026-05-01,PMT-SOL-2026,permanent,piped,flush,electricity,true,wage_work,SRO enumerator,current,2026-07-04T09:00:00Z,SRO-CORE
SEP-00009,HH-003002,2026-05-01,PMT-SOL-2026,permanent,piped,flush,electricity,true,wage_work,SRO enumerator,current,2026-07-04T09:00:00Z,SRO-CORE
SEP-00010,HH-003003,2026-05-01,PMT-SOL-2026,permanent,piped,flush,electricity,true,wage_work,SRO enumerator,current,2026-07-04T09:00:00Z,SRO-CORE
SEP-00011,HH-003004,2026-05-01,PMT-SOL-2026,permanent,piped,flush,electricity,true,wage_work,SRO enumerator,current,2026-07-04T09:00:00Z,SRO-CORE
SEP-00012,HH-003005,2026-05-01,PMT-SOL-2026,permanent,piped,flush,electricity,true,wage_work,SRO enumerator,current,2026-07-04T09:00:00Z,SRO-CORE
SEP-00013,HH-003006,2026-05-01,PMT-SOL-2026,permanent,piped,flush,electricity,true,wage_work,SRO enumerator,current,2026-07-04T09:00:00Z,SRO-CORE
SEP-00014,HH-003007,2026-05-01,PMT-SOL-2026,permanent,piped,flush,electricity,true,wage_work,SRO enumerator,current,2026-07-04T09:00:00Z,SRO-CORE
SEP-00015,HH-003008,2026-05-01,PMT-SOL-2026,permanent,piped,flush,electricity,true,wage_work,SRO enumerator,current,2026-07-04T09:00:00Z,SRO-CORE
SEP-00016,HH-003009,2026-05-01,PMT-SOL-2026,permanent,piped,flush,electricity,true,wage_work,SRO enumerator,current,2026-07-04T09:00:00Z,SRO-CORE
SEP-00017,HH-003010,2026-05-01,PMT-SOL-2026,permanent,piped,flush,electricity,true,wage_work,SRO enumerator,current,2026-07-04T09:00:00Z,SRO-CORE
SEP-00018,HH-003011,2026-05-01,PMT-SOL-2026,permanent,piped,flush,electricity,true,wage_work,SRO enumerator,current,2026-07-04T09:00:00Z,SRO-CORE
SEP-00019,HH-003012,2026-05-01,PMT-SOL-2026,permanent,piped,flush,electricity,true,wage_work,SRO enumerator,current,2026-07-04T09:00:00Z,SRO-CORE
SEP-00020,HH-003013,2026-05-01,PMT-SOL-2026,permanent,piped,flush,electricity,true,wage_work,SRO enumerator,current,2026-07-04T09:00:00Z,SRO-CORE
SEP-00021,HH-003014,2026-05-01,PMT-SOL-2026,permanent,piped,flush,electricity,true,wage_work,SRO enumerator,current,2026-07-04T09:00:00Z,SRO-CORE
SEP-00022,HH-003015,2026-05-01,PMT-SOL-2026,permanent,piped,flush,electricity,true,wage_work,SRO enumerator,current,2026-07-04T09:00:00Z,SRO-CORE
SEP-00023,HH-003016,2026-05-01,PMT-SOL-2026,permanent,piped,flush,electricity,true,wage_work,SRO enumerator,current,2026-07-04T09:00:00Z,SRO-CORE
SEP-00024,HH-003017,2026-05-01,PMT-SOL-2026,permanent,piped,flush,electricity,true,wage_work,SRO enumerator,current,2026-07-04T09:00:00Z,SRO-CORE
SEP-00025,HH-003018,2026-05-01,PMT-SOL-2026,permanent,piped,flush,electricity,true,wage_work,SRO enumerator,current,2026-07-04T09:00:00Z,SRO-CORE
SEP-00026,HH-003019,2026-05-01,PMT-SOL-2026,permanent,piped,flush,electricity,true,wage_work,SRO enumerator,current,2026-07-04T09:00:00Z,SRO-CORE
SEP-00027,HH-003020,2026-05-01,PMT-SOL-2026,permanent,piped,flush,electricity,true,wage_work,SRO enumerator,current,2026-07-04T09:00:00Z,SRO-CORE
SEP-00028,HH-003021,2026-05-01,PMT-SOL-2026,permanent,piped,flush,electricity,true,wage_work,SRO enumerator,current,2026-07-04T09:00:00Z,SRO-CORE
SEP-00029,HH-003022,2026-05-01,PMT-SOL-2026,permanent,piped,flush,electricity,true,wage_work,SRO enumerator,current,2026-07-04T09:00:00Z,SRO-CORE
SEP-00030,HH-003023,2026-05-01,PMT-SOL-2026,permanent,piped,flush,electricity,true,wage_work,SRO enumerator,current,2026-07-04T09:00:00Z,SRO-CORE
SEP-00031,HH-003024,2026-05-01,PMT-SOL-2026,permanent,piped,flush,electricity,true,wage_work,SRO enumerator,current,2026-07-04T09:00:00Z,SRO-CORE
SEP-00032,HH-003025,2026-05-01,PMT-SOL-2026,permanent,piped,flush,electricity,true,wage_work,SRO enumerator,current,2026-07-04T09:00:00Z,SRO-CORE
SEP-00033,HH-003026,2026-05-01,PMT-SOL-2026,permanent,piped,flush,electricity,true,wage_work,SRO enumerator,current,2026-07-04T09:00:00Z,SRO-CORE
SEP-00034,HH-003027,2026-05-01,PMT-SOL-2026,permanent,piped,flush,electricity,true,wage_work,SRO enumerator,current,2026-07-04T09:00:00Z,SRO-CORE
SEP-00035,HH-003028,2026-05-01,PMT-SOL-2026,permanent,piped,flush,electricity,true,wage_work,SRO enumerator,current,2026-07-04T09:00:00Z,SRO-CORE
SEP-00036,HH-003029,2026-05-01,PMT-SOL-2026,permanent,piped,flush,electricity,true,wage_work,SRO enumerator,current,2026-07-04T09:00:00Z,SRO-CORE
SEP-00037,HH-003030,2026-05-01,PMT-SOL-2026,permanent,piped,flush,electricity,true,wage_work,SRO enumerator,current,2026-07-04T09:00:00Z,SRO-CORE
SEP-00038,HH-003031,2026-05-01,PMT-SOL-2026,permanent,piped,flush,electricity,true,wage_work,SRO enumerator,current,2026-07-04T09:00:00Z,SRO-CORE
SEP-00039,HH-003032,2026-05-01,PMT-SOL-2026,permanent,piped,flush,electricity,true,wage_work,SRO enumerator,current,2026-07-04T09:00:00Z,SRO-CORE
SEP-00040,HH-003033,2026-05-01,PMT-SOL-2026,permanent,piped,flush,electricity,true,wage_work,SRO enumerator,current,2026-07-04T09:00:00Z,SRO-CORE
SEP-00041,HH-003034,2026-05-01,PMT-SOL-2026,permanent,piped,flush,electricity,true,wage_work,SRO enumerator,current,2026-07-04T09:00:00Z,SRO-CORE
SEP-00042,HH-003035,2026-05-01,PMT-SOL-2026,permanent,piped,flush,electricity,true,wage_work,SRO enumerator,current,2026-07-04T09:00:00Z,SRO-CORE
SEP-00043,HH-003036,2026-05-01,PMT-SOL-2026,permanent,piped,flush,electricity,true,wage_work,SRO enumerator,current,2026-07-04T09:00:00Z,SRO-CORE
SEP-00044,HH-003037,2026-05-01,PMT-SOL-2026,permanent,piped,flush,electricity,true,wage_work,SRO enumerator,current,2026-07-04T09:00:00Z,SRO-CORE
SEP-00045,HH-003038,2026-05-01,PMT-SOL-2026,permanent,piped,flush,electricity,true,wage_work,SRO enumerator,current,2026-07-04T09:00:00Z,SRO-CORE
SEP-00046,HH-003039,2026-05-01,PMT-SOL-2026,permanent,piped,flush,electricity,true,wage_work,SRO enumerator,current,2026-07-04T09:00:00Z,SRO-CORE
SEP-00047,HH-003040,2026-05-01,PMT-SOL-2026,permanent,piped,flush,electricity,true,wage_work,SRO enumerator,current,2026-07-04T09:00:00Z,SRO-CORE
SEP-00048,HH-003041,2026-05-01,PMT-SOL-2026,permanent,piped,flush,electricity,true,wage_work,SRO enumerator,current,2026-07-04T09:00:00Z,SRO-CORE
SEP-00049,HH-003042,2026-05-01,PMT-SOL-2026,permanent,piped,flush,electricity,true,wage_work,SRO enumerator,current,2026-07-04T09:00:00Z,SRO-CORE
SEP-00050,HH-003043,2026-05-01,PMT-SOL-2026,permanent,piped,flush,electricity,true,wage_work,SRO enumerator,current,2026-07-04T09:00:00Z,SRO-CORE
SEP-00051,HH-003044,2026-05-01,PMT-SOL-2026,permanent,piped,flush,electricity,true,wage_work,SRO enumerator,current,2026-07-04T09:00:00Z,SRO-CORE
SEP-00052,HH-003045,2026-05-01,PMT-SOL-2026,permanent,piped,flush,electricity,true,wage_work,SRO enumerator,current,2026-07-04T09:00:00Z,SRO-CORE
SEP-00053,HH-003046,2026-05-01,PMT-SOL-2026,permanent,piped,flush,electricity,true,wage_work,SRO enumerator,current,2026-07-04T09:00:00Z,SRO-CORE
SEP-00054,HH-003047,2026-05-01,PMT-SOL-2026,permanent,piped,flush,electricity,true,wage_work,SRO enumerator,current,2026-07-04T09:00:00Z,SRO-CORE
SEP-00055,HH-003048,2026-05-01,PMT-SOL-2026,permanent,piped,flush,electricity,true,wage_work,SRO enumerator,current,2026-07-04T09:00:00Z,SRO-CORE
SEP-00056,HH-003049,2026-05-01,PMT-SOL-2026,permanent,piped,flush,electricity,true,wage_work,SRO enumerator,current,2026-07-04T09:00:00Z,SRO-CORE
SEP-00057,HH-003050,2026-05-01,PMT-SOL-2026,permanent,piped,flush,electricity,true,wage_work,SRO enumerator,current,2026-07-04T09:00:00Z,SRO-CORE
SEP-00058,HH-003051,2026-05-01,PMT-SOL-2026,permanent,piped,flush,electricity,true,wage_work,SRO enumerator,current,2026-07-04T09:00:00Z,SRO-CORE
SEP-00059,HH-003052,2026-05-01,PMT-SOL-2026,permanent,piped,flush,electricity,true,wage_work,SRO enumerator,current,2026-07-04T09:00:00Z,SRO-CORE
SEP-00060,HH-003053,2026-05-01,PMT-SOL-2026,permanent,piped,flush,electricity,true,wage_work,SRO enumerator,current,2026-07-04T09:00:00Z,SRO-CORE
SEP-00061,HH-003054,2026-05-01,PMT-SOL-2026,permanent,piped,flush,electricity,true,wage_work,SRO enumerator,current,2026-07-04T09:00:00Z,SRO-CORE
SEP-00062,HH-003055,2026-05-01,PMT-SOL-2026,permanent,piped,flush,electricity,true,wage_work,SRO enumerator,current,2026-07-04T09:00:00Z,SRO-CORE
SEP-00063,HH-003056,2026-05-01,PMT-SOL-2026,permanent,piped,flush,electricity,true,wage_work,SRO enumerator,current,2026-07-04T09:00:00Z,SRO-CORE
SEP-00064,HH-003057,2026-05-01,PMT-SOL-2026,permanent,piped,flush,electricity,true,wage_work,SRO enumerator,current,2026-07-04T09:00:00Z,SRO-CORE
SEP-00065,HH-003058,2026-05-01,PMT-SOL-2026,permanent,piped,flush,electricity,true,wage_work,SRO enumerator,current,2026-07-04T09:00:00Z,SRO-CORE
SEP-00066,HH-003059,2026-05-01,PMT-SOL-2026,permanent,piped,flush,electricity,true,wage_work,SRO enumerator,current,2026-07-04T09:00:00Z,SRO-CORE
SEP-00067,HH-003060,2026-05-01,PMT-SOL-2026,permanent,piped,flush,electricity,true,wage_work,SRO enumerator,current,2026-07-04T09:00:00Z,SRO-CORE
SEP-00068,HH-003061,2026-05-01,PMT-SOL-2026,permanent,piped,flush,electricity,true,wage_work,SRO enumerator,current,2026-07-04T09:00:00Z,SRO-CORE
SEP-00069,HH-003062,2026-05-01,PMT-SOL-2026,permanent,piped,flush,electricity,true,wage_work,SRO enumerator,current,2026-07-04T09:00:00Z,SRO-CORE
SEP-00070,HH-003063,2026-05-01,PMT-SOL-2026,permanent,piped,flush,electricity,true,wage_work,SRO enumerator,current,2026-07-04T09:00:00Z,SRO-CORE
SEP-00071,HH-003064,2026-05-01,PMT-SOL-2026,permanent,piped,flush,electricity,true,wage_work,SRO enumerator,current,2026-07-04T09:00:00Z,SRO-CORE
SEP-00072,HH-003065,2026-05-01,PMT-SOL-2026,permanent,piped,flush,electricity,true,wage_work,SRO enumerator,current,2026-07-04T09:00:00Z,SRO-CORE
SEP-00073,HH-003066,2026-05-01,PMT-SOL-2026,permanent,piped,flush,electricity,true,wage_work,SRO enumerator,current,2026-07-04T09:00:00Z,SRO-CORE
SEP-00074,HH-003067,2026-05-01,PMT-SOL-2026,permanent,piped,flush,electricity,true,wage_work,SRO enumerator,current,2026-07-04T09:00:00Z,SRO-CORE
SEP-00075,HH-003068,2026-05-01,PMT-SOL-2026,permanent,piped,flush,electricity,true,wage_work,SRO enumerator,current,2026-07-04T09:00:00Z,SRO-CORE
SEP-00076,HH-003069,2026-05-01,PMT-SOL-2026,permanent,piped,flush,electricity,true,wage_work,SRO enumerator,current,2026-07-04T09:00:00Z,SRO-CORE
SEP-00077,HH-003070,2026-05-01,PMT-SOL-2026,permanent,piped,flush,electricity,true,wage_work,SRO enumerator,current,2026-07-04T09:00:00Z,SRO-CORE
SEP-00078,HH-003071,2026-05-01,PMT-SOL-2026,permanent,piped,flush,electricity,true,wage_work,SRO enumerator,current,2026-07-04T09:00:00Z,SRO-CORE
SEP-00079,HH-003072,2026-05-01,PMT-SOL-2026,permanent,piped,flush,electricity,true,wage_work,SRO enumerator,current,2026-07-04T09:00:00Z,SRO-CORE
SEP-00080,HH-003073,2026-05-01,PMT-SOL-2026,permanent,piped,flush,electricity,true,wage_work,SRO enumerator,current,2026-07-04T09:00:00Z,SRO-CORE
SEP-00081,HH-003074,2026-05-01,PMT-SOL-2026,permanent,piped,flush,electricity,true,wage_work,SRO enumerator,current,2026-07-04T09:00:00Z,SRO-CORE
SEP-00082,HH-003075,2026-05-01,PMT-SOL-2026,permanent,piped,flush,electricity,true,wage_work,SRO enumerator,current,2026-07-04T09:00:00Z,SRO-CORE
SEP-00083,HH-003076,2026-05-01,PMT-SOL-2026,permanent,piped,flush,electricity,true,wage_work,SRO enumerator,current,2026-07-04T09:00:00Z,SRO-CORE
SEP-00084,HH-003077,2026-05-01,PMT-SOL-2026,permanent,piped,flush,electricity,true,wage_work,SRO enumerator,current,2026-07-04T09:00:00Z,SRO-CORE
SEP-00085,HH-003078,2026-05-01,PMT-SOL-2026,permanent,piped,flush,electricity,true,wage_work,SRO enumerator,current,2026-07-04T09:00:00Z,SRO-CORE
SEP-00086,HH-003079,2026-05-01,PMT-SOL-2026,permanent,piped,flush,electricity,true,wage_work,SRO enumerator,current,2026-07-04T09:00:00Z,SRO-CORE
SEP-00087,HH-003080,2026-05-01,PMT-SOL-2026,permanent,piped,flush,electricity,true,wage_work,SRO enumerator,current,2026-07-04T09:00:00Z,SRO-CORE
SEP-00088,HH-003081,2026-05-01,PMT-SOL-2026,permanent,piped,flush,electricity,true,wage_work,SRO enumerator,current,2026-07-04T09:00:00Z,SRO-CORE
SEP-00089,HH-003082,2026-05-01,PMT-SOL-2026,permanent,piped,flush,electricity,true,wage_work,SRO enumerator,current,2026-07-04T09:00:00Z,SRO-CORE
SEP-00090,HH-003083,2026-05-01,PMT-SOL-2026,permanent,piped,flush,electricity,true,wage_work,SRO enumerator,current,2026-07-04T09:00:00Z,SRO-CORE
SEP-00091,HH-003084,2026-05-01,PMT-SOL-2026,permanent,piped,flush,electricity,true,wage_work,SRO enumerator,current,2026-07-04T09:00:00Z,SRO-CORE
SEP-00092,HH-003085,2026-05-01,PMT-SOL-2026,permanent,piped,flush,electricity,true,wage_work,SRO enumerator,current,2026-07-04T09:00:00Z,SRO-CORE
SEP-00093,HH-003086,2026-05-01,PMT-SOL-2026,permanent,piped,flush,electricity,true,wage_work,SRO enumerator,current,2026-07-04T09:00:00Z,SRO-CORE
SEP-00094,HH-003087,2026-05-01,PMT-SOL-2026,permanent,piped,flush,electricity,true,wage_work,SRO enumerator,current,2026-07-04T09:00:00Z,SRO-CORE
SEP-00095,HH-003088,2026-05-01,PMT-SOL-2026,permanent,piped,flush,electricity,true,wage_work,SRO enumerator,current,2026-07-04T09:00:00Z,SRO-CORE
SEP-00096,HH-003089,2026-05-01,PMT-SOL-2026,permanent,piped,flush,electricity,true,wage_work,SRO enumerator,current,2026-07-04T09:00:00Z,SRO-CORE
SEP-00097,HH-003090,2026-05-01,PMT-SOL-2026,permanent,piped,flush,electricity,true,wage_work,SRO enumerator,current,2026-07-04T09:00:00Z,SRO-CORE
SEP-00098,HH-003091,2026-05-01,PMT-SOL-2026,permanent,piped,flush,electricity,true,wage_work,SRO enumerator,current,2026-07-04T09:00:00Z,SRO-CORE
SEP-00099,HH-003092,2026-05-01,PMT-SOL-2026,permanent,piped,flush,electricity,true,wage_work,SRO enumerator,current,2026-07-04T09:00:00Z,SRO-CORE
SEP-00100,HH-003093,2026-05-01,PMT-SOL-2026,permanent,piped,flush,electricity,true,wage_work,SRO enumerator,current,2026-07-04T09:00:00Z,SRO-CORE
SEP-00101,HH-003094,2026-05-01,PMT-SOL-2026,permanent,piped,flush,electricity,true,wage_work,SRO enumerator,current,2026-07-04T09:00:00Z,SRO-CORE
SEP-00102,HH-003095,2026-05-01,PMT-SOL-2026,permanent,piped,flush,electricity,true,wage_work,SRO enumerator,current,2026-07-04T09:00:00Z,SRO-CORE
SEP-00103,HH-003096,2026-05-01,PMT-SOL-2026,permanent,piped,flush,electricity,true,wage_work,SRO enumerator,current,2026-07-04T09:00:00Z,SRO-CORE
SEP-00104,HH-003097,2026-05-01,PMT-SOL-2026,permanent,piped,flush,electricity,true,wage_work,SRO enumerator,current,2026-07-04T09:00:00Z,SRO-CORE
SEP-00105,HH-003098,2026-05-01,PMT-SOL-2026,permanent,piped,flush,electricity,true,wage_work,SRO enumerator,current,2026-07-04T09:00:00Z,SRO-CORE
SEP-00106,HH-003099,2026-05-01,PMT-SOL-2026,permanent,piped,flush,electricity,true,wage_work,SRO enumerator,current,2026-07-04T09:00:00Z,SRO-CORE
SEP-00107,HH-003100,2026-05-01,PMT-SOL-2026,permanent,piped,flush,electricity,true,wage_work,SRO enumerator,current,2026-07-04T09:00:00Z,SRO-CORE
SEP-00108,HH-003101,2026-05-01,PMT-SOL-2026,permanent,piped,flush,electricity,true,wage_work,SRO enumerator,current,2026-07-04T09:00:00Z,SRO-CORE
SEP-00109,HH-003102,2026-05-01,PMT-SOL-2026,permanent,piped,flush,electricity,true,wage_work,SRO enumerator,current,2026-07-04T09:00:00Z,SRO-CORE
SEP-00110,HH-003103,2026-05-01,PMT-SOL-2026,permanent,piped,flush,electricity,true,wage_work,SRO enumerator,current,2026-07-04T09:00:00Z,SRO-CORE
SEP-00111,HH-003104,2026-05-01,PMT-SOL-2026,permanent,piped,flush,electricity,true,wage_work,SRO enumerator,current,2026-07-04T09:00:00Z,SRO-CORE
SEP-00112,HH-003105,2026-05-01,PMT-SOL-2026,permanent,piped,flush,electricity,true,wage_work,SRO enumerator,current,2026-07-04T09:00:00Z,SRO-CORE
SEP-00113,HH-003106,2026-05-01,PMT-SOL-2026,permanent,piped,flush,electricity,true,wage_work,SRO enumerator,current,2026-07-04T09:00:00Z,SRO-CORE
SEP-00114,HH-003107,2026-05-01,PMT-SOL-2026,permanent,piped,flush,electricity,true,wage_work,SRO enumerator,current,2026-07-04T09:00:00Z,SRO-CORE
SEP-00115,HH-003108,2026-05-01,PMT-SOL-2026,permanent,piped,flush,electricity,true,wage_work,SRO enumerator,current,2026-07-04T09:00:00Z,SRO-CORE
SEP-00116,HH-003109,2026-05-01,PMT-SOL-2026,permanent,piped,flush,electricity,true,wage_work,SRO enumerator,current,2026-07-04T09:00:00Z,SRO-CORE
SEP-00117,HH-003110,2026-05-01,PMT-SOL-2026,permanent,piped,flush,electricity,true,wage_work,SRO enumerator,current,2026-07-04T09:00:00Z,SRO-CORE
SEP-00118,HH-003111,2026-05-01,PMT-SOL-2026,permanent,piped,flush,electricity,true,wage_work,SRO enumerator,current,2026-07-04T09:00:00Z,SRO-CORE
SEP-00119,HH-003112,2026-05-01,PMT-SOL-2026,permanent,piped,flush,electricity,true,wage_work,SRO enumerator,current,2026-07-04T09:00:00Z,SRO-CORE
SEP-00120,HH-003113,2026-05-01,PMT-SOL-2026,permanent,piped,flush,electricity,true,wage_work,SRO enumerator,current,2026-07-04T09:00:00Z,SRO-CORE
SEP-00121,HH-003114,2026-05-01,PMT-SOL-2026,permanent,piped,flush,electricity,true,wage_work,SRO enumerator,current,2026-07-04T09:00:00Z,SRO-CORE
SEP-00122,HH-003115,2026-05-01,PMT-SOL-2026,permanent,piped,flush,electricity,true,wage_work,SRO enumerator,current,2026-07-04T09:00:00Z,SRO-CORE
SEP-00123,HH-003116,2026-05-01,PMT-SOL-2026,permanent,piped,flush,electricity,true,wage_work,SRO enumerator,current,2026-07-04T09:00:00Z,SRO-CORE
SEP-00124,HH-003117,2026-05-01,PMT-SOL-2026,permanent,piped,flush,electricity,true,wage_work,SRO enumerator,current,2026-07-04T09:00:00Z,SRO-CORE
SEP-00125,HH-003118,2026-05-01,PMT-SOL-2026,permanent,piped,flush,electricity,true,wage_work,SRO enumerator,current,2026-07-04T09:00:00Z,SRO-CORE
SEP-00126,HH-003119,2026-05-01,PMT-SOL-2026,permanent,piped,flush,electricity,true,wage_work,SRO enumerator,current,2026-07-04T09:00:00Z,SRO-CORE
SEP-00127,HH-003120,2026-05-01,PMT-SOL-2026,permanent,piped,flush,electricity,true,wage_work,SRO enumerator,current,2026-07-04T09:00:00Z,SRO-CORE
SEP-00128,HH-003121,2026-05-01,PMT-SOL-2026,permanent,piped,flush,electricity,true,wage_work,SRO enumerator,current,2026-07-04T09:00:00Z,SRO-CORE
SEP-00129,HH-003122,2026-05-01,PMT-SOL-2026,permanent,piped,flush,electricity,true,wage_work,SRO enumerator,current,2026-07-04T09:00:00Z,SRO-CORE
SEP-00130,HH-003123,2026-05-01,PMT-SOL-2026,permanent,piped,flush,electricity,true,wage_work,SRO enumerator,current,2026-07-04T09:00:00Z,SRO-CORE
SEP-00131,HH-003124,2026-05-01,PMT-SOL-2026,permanent,piped,flush,electricity,true,wage_work,SRO enumerator,current,2026-07-04T09:00:00Z,SRO-CORE
SEP-00132,HH-003125,2026-05-01,PMT-SOL-2026,permanent,piped,flush,electricity,true,wage_work,SRO enumerator,current,2026-07-04T09:00:00Z,SRO-CORE
SEP-00133,HH-003126,2026-05-01,PMT-SOL-2026,permanent,piped,flush,electricity,true,wage_work,SRO enumerator,current,2026-07-04T09:00:00Z,SRO-CORE
SEP-00134,HH-003127,2026-05-01,PMT-SOL-2026,permanent,piped,flush,electricity,true,wage_work,SRO enumerator,current,2026-07-04T09:00:00Z,SRO-CORE
SEP-00135,HH-003128,2026-05-01,PMT-SOL-2026,permanent,piped,flush,electricity,true,wage_work,SRO enumerator,current,2026-07-04T09:00:00Z,SRO-CORE
SEP-00136,HH-003129,2026-05-01,PMT-SOL-2026,permanent,piped,flush,electricity,true,wage_work,SRO enumerator,current,2026-07-04T09:00:00Z,SRO-CORE
SEP-00137,HH-003130,2026-05-01,PMT-SOL-2026,permanent,piped,flush,electricity,true,wage_work,SRO enumerator,current,2026-07-04T09:00:00Z,SRO-CORE
SEP-00138,HH-003131,2026-05-01,PMT-SOL-2026,permanent,piped,flush,electricity,true,wage_work,SRO enumerator,current,2026-07-04T09:00:00Z,SRO-CORE
SEP-00139,HH-003132,2026-05-01,PMT-SOL-2026,permanent,piped,flush,electricity,true,wage_work,SRO enumerator,current,2026-07-04T09:00:00Z,SRO-CORE
SEP-00140,HH-003133,2026-05-01,PMT-SOL-2026,permanent,piped,flush,electricity,true,wage_work,SRO enumerator,current,2026-07-04T09:00:00Z,SRO-CORE
SEP-00141,HH-003134,2026-05-01,PMT-SOL-2026,permanent,piped,flush,electricity,true,wage_work,SRO enumerator,current,2026-07-04T09:00:00Z,SRO-CORE
SEP-00142,HH-003135,2026-05-01,PMT-SOL-2026,permanent,piped,flush,electricity,true,wage_work,SRO enumerator,current,2026-07-04T09:00:00Z,SRO-CORE
SEP-00143,HH-003136,2026-05-01,PMT-SOL-2026,permanent,piped,flush,electricity,true,wage_work,SRO enumerator,current,2026-07-04T09:00:00Z,SRO-CORE
SEP-00144,HH-003137,2026-05-01,PMT-SOL-2026,permanent,piped,flush,electricity,true,wage_work,SRO enumerator,current,2026-07-04T09:00:00Z,SRO-CORE
SEP-00145,HH-003138,2026-05-01,PMT-SOL-2026,permanent,piped,flush,electricity,true,wage_work,SRO enumerator,current,2026-07-04T09:00:00Z,SRO-CORE
SEP-00146,HH-003139,2026-05-01,PMT-SOL-2026,permanent,piped,flush,electricity,true,wage_work,SRO enumerator,current,2026-07-04T09:00:00Z,SRO-CORE
SEP-00147,HH-003140,2026-05-01,PMT-SOL-2026,permanent,piped,flush,electricity,true,wage_work,SRO enumerator,current,2026-07-04T09:00:00Z,SRO-CORE
SEP-00148,HH-003141,2026-05-01,PMT-SOL-2026,permanent,piped,flush,electricity,true,wage_work,SRO enumerator,current,2026-07-04T09:00:00Z,SRO-CORE
SEP-00149,HH-003142,2026-05-01,PMT-SOL-2026,permanent,piped,flush,electricity,true,wage_work,SRO enumerator,current,2026-07-04T09:00:00Z,SRO-CORE
SEP-00150,HH-003143,2026-05-01,PMT-SOL-2026,permanent,piped,flush,electricity,true,wage_work,SRO enumerator,current,2026-07-04T09:00:00Z,SRO-CORE
SEP-00151,HH-003144,2026-05-01,PMT-SOL-2026,permanent,piped,flush,electricity,true,wage_work,SRO enumerator,current,2026-07-04T09:00:00Z,SRO-CORE
SEP-00152,HH-003145,2026-05-01,PMT-SOL-2026,permanent,piped,flush,electricity,true,wage_work,SRO enumerator,current,2026-07-04T09:00:00Z,SRO-CORE
SEP-00153,HH-003146,2026-05-01,PMT-SOL-2026,permanent,piped,flush,electricity,true,wage_work,SRO enumerator,current,2026-07-04T09:00:00Z,SRO-CORE
SEP-00154,HH-003147,2026-05-01,PMT-SOL-2026,permanent,piped,flush,electricity,true,wage_work,SRO enumerator,current,2026-07-04T09:00:00Z,SRO-CORE
SEP-00155,HH-003148,2026-05-01,PMT-SOL-2026,permanent,piped,flush,electricity,true,wage_work,SRO enumerator,current,2026-07-04T09:00:00Z,SRO-CORE
SEP-00156,HH-003149,2026-05-01,PMT-SOL-2026,permanent,piped,flush,electricity,true,wage_work,SRO enumerator,current,2026-07-04T09:00:00Z,SRO-CORE
SEP-00157,HH-003150,2026-05-01,PMT-SOL-2026,permanent,piped,flush,electricity,true,wage_work,SRO enumerator,current,2026-07-04T09:00:00Z,SRO-CORE
SEP-00158,HH-003151,2026-05-01,PMT-SOL-2026,permanent,piped,flush,electricity,true,wage_work,SRO enumerator,current,2026-07-04T09:00:00Z,SRO-CORE
SEP-00159,HH-003152,2026-05-01,PMT-SOL-2026,permanent,piped,flush,electricity,true,wage_work,SRO enumerator,current,2026-07-04T09:00:00Z,SRO-CORE
SEP-00160,HH-003153,2026-05-01,PMT-SOL-2026,permanent,piped,flush,electricity,true,wage_work,SRO enumerator,current,2026-07-04T09:00:00Z,SRO-CORE
SEP-00161,HH-003154,2026-05-01,PMT-SOL-2026,permanent,piped,flush,electricity,true,wage_work,SRO enumerator,current,2026-07-04T09:00:00Z,SRO-CORE
SEP-00162,HH-003155,2026-05-01,PMT-SOL-2026,permanent,piped,flush,electricity,true,wage_work,SRO enumerator,current,2026-07-04T09:00:00Z,SRO-CORE
SEP-00163,HH-003156,2026-05-01,PMT-SOL-2026,permanent,piped,flush,electricity,true,wage_work,SRO enumerator,current,2026-07-04T09:00:00Z,SRO-CORE
SEP-00164,HH-003157,2026-05-01,PMT-SOL-2026,permanent,piped,flush,electricity,true,wage_work,SRO enumerator,current,2026-07-04T09:00:00Z,SRO-CORE
SEP-00165,HH-003158,2026-05-01,PMT-SOL-2026,permanent,piped,flush,electricity,true,wage_work,SRO enumerator,current,2026-07-04T09:00:00Z,SRO-CORE
SEP-00166,HH-003159,2026-05-01,PMT-SOL-2026,permanent,piped,flush,electricity,true,wage_work,SRO enumerator,current,2026-07-04T09:00:00Z,SRO-CORE
SEP-00167,HH-003160,2026-05-01,PMT-SOL-2026,permanent,piped,flush,electricity,true,wage_work,SRO enumerator,current,2026-07-04T09:00:00Z,SRO-CORE
SEP-00168,HH-003161,2026-05-01,PMT-SOL-2026,permanent,piped,flush,electricity,true,wage_work,SRO enumerator,current,2026-07-04T09:00:00Z,SRO-CORE
SEP-00169,HH-003162,2026-05-01,PMT-SOL-2026,permanent,piped,flush,electricity,true,wage_work,SRO enumerator,current,2026-07-04T09:00:00Z,SRO-CORE
SEP-00170,HH-003163,2026-05-01,PMT-SOL-2026,permanent,piped,flush,electricity,true,wage_work,SRO enumerator,current,2026-07-04T09:00:00Z,SRO-CORE
SEP-00171,HH-003164,2026-05-01,PMT-SOL-2026,permanent,piped,flush,electricity,true,wage_work,SRO enumerator,current,2026-07-04T09:00:00Z,SRO-CORE
SEP-00172,HH-003165,2026-05-01,PMT-SOL-2026,permanent,piped,flush,electricity,true,wage_work,SRO enumerator,current,2026-07-04T09:00:00Z,SRO-CORE
SEP-00173,HH-003166,2026-05-01,PMT-SOL-2026,permanent,piped,flush,electricity,true,wage_work,SRO enumerator,current,2026-07-04T09:00:00Z,SRO-CORE
SEP-00174,HH-003167,2026-05-01,PMT-SOL-2026,permanent,piped,flush,electricity,true,wage_work,SRO enumerator,current,2026-07-04T09:00:00Z,SRO-CORE
SEP-00175,HH-003168,2026-05-01,PMT-SOL-2026,permanent,piped,flush,electricity,true,wage_work,SRO enumerator,current,2026-07-04T09:00:00Z,SRO-CORE
SEP-00176,HH-003169,2026-05-01,PMT-SOL-2026,permanent,piped,flush,electricity,true,wage_work,SRO enumerator,current,2026-07-04T09:00:00Z,SRO-CORE
SEP-00177,HH-003170,2026-05-01,PMT-SOL-2026,permanent,piped,flush,electricity,true,wage_work,SRO enumerator,current,2026-07-04T09:00:00Z,SRO-CORE
SEP-00178,HH-003171,2026-05-01,PMT-SOL-2026,permanent,piped,flush,electricity,true,wage_work,SRO enumerator,current,2026-07-04T09:00:00Z,SRO-CORE
SEP-00179,HH-003172,2026-05-01,PMT-SOL-2026,permanent,piped,flush,electricity,true,wage_work,SRO enumerator,current,2026-07-04T09:00:00Z,SRO-CORE
SEP-00180,HH-003173,2026-05-01,PMT-SOL-2026,permanent,piped,flush,electricity,true,wage_work,SRO enumerator,current,2026-07-04T09:00:00Z,SRO-CORE
SEP-00181,HH-003174,2026-05-01,PMT-SOL-2026,permanent,piped,flush,electricity,true,wage_work,SRO enumerator,current,2026-07-04T09:00:00Z,SRO-CORE
SEP-00182,HH-003175,2026-05-01,PMT-SOL-2026,permanent,piped,flush,electricity,true,wage_work,SRO enumerator,current,2026-07-04T09:00:00Z,SRO-CORE
SEP-00183,HH-003176,2026-05-01,PMT-SOL-2026,permanent,piped,flush,electricity,true,wage_work,SRO enumerator,current,2026-07-04T09:00:00Z,SRO-CORE
SEP-00184,HH-003177,2026-05-01,PMT-SOL-2026,permanent,piped,flush,electricity,true,wage_work,SRO enumerator,current,2026-07-04T09:00:00Z,SRO-CORE
SEP-00185,HH-003178,2026-05-01,PMT-SOL-2026,permanent,piped,flush,electricity,true,wage_work,SRO enumerator,current,2026-07-04T09:00:00Z,SRO-CORE
SEP-00186,HH-003179,2026-05-01,PMT-SOL-2026,permanent,piped,flush,electricity,true,wage_work,SRO enumerator,current,2026-07-04T09:00:00Z,SRO-CORE
SEP-00187,HH-003180,2026-05-01,PMT-SOL-2026,permanent,piped,flush,electricity,true,wage_work,SRO enumerator,current,2026-07-04T09:00:00Z,SRO-CORE
SEP-00188,HH-003181,2026-05-01,PMT-SOL-2026,permanent,piped,flush,electricity,true,wage_work,SRO enumerator,current,2026-07-04T09:00:00Z,SRO-CORE
SEP-00189,HH-003182,2026-05-01,PMT-SOL-2026,permanent,piped,flush,electricity,true,wage_work,SRO enumerator,current,2026-07-04T09:00:00Z,SRO-CORE
SEP-00190,HH-003183,2026-05-01,PMT-SOL-2026,permanent,piped,flush,electricity,true,wage_work,SRO enumerator,current,2026-07-04T09:00:00Z,SRO-CORE
SEP-00191,HH-003184,2026-05-01,PMT-SOL-2026,permanent,piped,flush,electricity,true,wage_work,SRO enumerator,current,2026-07-04T09:00:00Z,SRO-CORE
SEP-00192,HH-003185,2026-05-01,PMT-SOL-2026,permanent,piped,flush,electricity,true,wage_work,SRO enumerator,current,2026-07-04T09:00:00Z,SRO-CORE
SEP-00193,HH-003186,2026-05-01,PMT-SOL-2026,permanent,piped,flush,electricity,true,wage_work,SRO enumerator,current,2026-07-04T09:00:00Z,SRO-CORE
SEP-00194,HH-003187,2026-05-01,PMT-SOL-2026,permanent,piped,flush,electricity,true,wage_work,SRO enumerator,current,2026-07-04T09:00:00Z,SRO-CORE
SEP-00195,HH-003188,2026-05-01,PMT-SOL-2026,permanent,piped,flush,electricity,true,wage_work,SRO enumerator,current,2026-07-04T09:00:00Z,SRO-CORE
SEP-00196,HH-003189,2026-05-01,PMT-SOL-2026,permanent,piped,flush,electricity,true,wage_work,SRO enumerator,current,2026-07-04T09:00:00Z,SRO-CORE
SEP-00197,HH-003190,2026-05-01,PMT-SOL-2026,permanent,piped,flush,electricity,true,wage_work,SRO enumerator,current,2026-07-04T09:00:00Z,SRO-CORE
SEP-00198,HH-003191,2026-05-01,PMT-SOL-2026,permanent,piped,flush,electricity,true,wage_work,SRO enumerator,current,2026-07-04T09:00:00Z,SRO-CORE
SEP-00199,HH-003192,2026-05-01,PMT-SOL-2026,permanent,piped,flush,electricity,true,wage_work,SRO enumerator,current,2026-07-04T09:00:00Z,SRO-CORE
SEP-00200,HH-003193,2026-05-01,PMT-SOL-2026,permanent,piped,flush,electricity,true,wage_work,SRO enumerator,current,2026-07-04T09:00:00Z,SRO-CORE
SEP-00201,HH-003194,2026-05-01,PMT-SOL-2026,permanent,piped,flush,electricity,true,wage_work,SRO enumerator,current,2026-07-04T09:00:00Z,SRO-CORE
SEP-00202,HH-003195,2026-05-01,PMT-SOL-2026,permanent,piped,flush,electricity,true,wage_work,SRO enumerator,current,2026-07-04T09:00:00Z,SRO-CORE
SEP-00203,HH-003196,2026-05-01,PMT-SOL-2026,permanent,piped,flush,electricity,true,wage_work,SRO enumerator,current,2026-07-04T09:00:00Z,SRO-CORE
SEP-00204,HH-003197,2026-05-01,PMT-SOL-2026,permanent,piped,flush,electricity,true,wage_work,SRO enumerator,current,2026-07-04T09:00:00Z,SRO-CORE
SEP-00205,HH-003198,2026-05-01,PMT-SOL-2026,permanent,piped,flush,electricity,true,wage_work,SRO enumerator,current,2026-07-04T09:00:00Z,SRO-CORE
SEP-00206,HH-003199,2026-05-01,PMT-SOL-2026,permanent,piped,flush,electricity,true,wage_work,SRO enumerator,current,2026-07-04T09:00:00Z,SRO-CORE
SEP-00207,HH-003200,2026-05-01,PMT-SOL-2026,permanent,piped,flush,electricity,true,wage_work,SRO enumerator,current,2026-07-04T09:00:00Z,SRO-CORE
SEP-00208,HH-003201,2026-05-01,PMT-SOL-2026,permanent,piped,flush,electricity,true,wage_work,SRO enumerator,current,2026-07-04T09:00:00Z,SRO-CORE
SEP-00209,HH-003202,2026-05-01,PMT-SOL-2026,permanent,piped,flush,electricity,true,wage_work,SRO enumerator,current,2026-07-04T09:00:00Z,SRO-CORE
SEP-00210,HH-003203,2026-05-01,PMT-SOL-2026,permanent,piped,flush,electricity,true,wage_work,SRO enumerator,current,2026-07-04T09:00:00Z,SRO-CORE
SEP-00211,HH-003204,2026-05-01,PMT-SOL-2026,permanent,piped,flush,electricity,true,wage_work,SRO enumerator,current,2026-07-04T09:00:00Z,SRO-CORE
SEP-00212,HH-003205,2026-05-01,PMT-SOL-2026,permanent,piped,flush,electricity,true,wage_work,SRO enumerator,current,2026-07-04T09:00:00Z,SRO-CORE
SEP-00213,HH-003206,2026-05-01,PMT-SOL-2026,permanent,piped,flush,electricity,true,wage_work,SRO enumerator,current,2026-07-04T09:00:00Z,SRO-CORE
SEP-00214,HH-003207,2026-05-01,PMT-SOL-2026,permanent,piped,flush,electricity,true,wage_work,SRO enumerator,current,2026-07-04T09:00:00Z,SRO-CORE
SEP-00215,HH-003208,2026-05-01,PMT-SOL-2026,permanent,piped,flush,electricity,true,wage_work,SRO enumerator,current,2026-07-04T09:00:00Z,SRO-CORE
SEP-00216,HH-003209,2026-05-01,PMT-SOL-2026,permanent,piped,flush,electricity,true,wage_work,SRO enumerator,current,2026-07-04T09:00:00Z,SRO-CORE
SEP-00217,HH-003210,2026-05-01,PMT-SOL-2026,permanent,piped,flush,electricity,true,wage_work,SRO enumerator,current,2026-07-04T09:00:00Z,SRO-CORE
SEP-00218,HH-003211,2026-05-01,PMT-SOL-2026,permanent,piped,flush,electricity,true,wage_work,SRO enumerator,current,2026-07-04T09:00:00Z,SRO-CORE
SEP-00219,HH-003212,2026-05-01,PMT-SOL-2026,permanent,piped,flush,electricity,true,wage_work,SRO enumerator,current,2026-07-04T09:00:00Z,SRO-CORE
SEP-00220,HH-003213,2026-05-01,PMT-SOL-2026,permanent,piped,flush,electricity,true,wage_work,SRO enumerator,current,2026-07-04T09:00:00Z,SRO-CORE
SEP-00221,HH-003214,2026-05-01,PMT-SOL-2026,permanent,piped,flush,electricity,true,wage_work,SRO enumerator,current,2026-07-04T09:00:00Z,SRO-CORE
SEP-00222,HH-003215,2026-05-01,PMT-SOL-2026,permanent,piped,flush,electricity,true,wage_work,SRO enumerator,current,2026-07-04T09:00:00Z,SRO-CORE
SEP-00223,HH-003216,2026-05-01,PMT-SOL-2026,permanent,piped,flush,electricity,true,wage_work,SRO enumerator,current,2026-07-04T09:00:00Z,SRO-CORE
SEP-00224,HH-003217,2026-05-01,PMT-SOL-2026,permanent,piped,flush,electricity,true,wage_work,SRO enumerator,current,2026-07-04T09:00:00Z,SRO-CORE
SEP-00225,HH-003218,2026-05-01,PMT-SOL-2026,permanent,piped,flush,electricity,true,wage_work,SRO enumerator,current,2026-07-04T09:00:00Z,SRO-CORE
SEP-00226,HH-003219,2026-05-01,PMT-SOL-2026,permanent,piped,flush,electricity,true,wage_work,SRO enumerator,current,2026-07-04T09:00:00Z,SRO-CORE
SEP-00227,HH-003220,2026-05-01,PMT-SOL-2026,permanent,piped,flush,electricity,true,wage_work,SRO enumerator,current,2026-07-04T09:00:00Z,SRO-CORE
SEP-00228,HH-003221,2026-05-01,PMT-SOL-2026,permanent,piped,flush,electricity,true,wage_work,SRO enumerator,current,2026-07-04T09:00:00Z,SRO-CORE
SEP-00229,HH-003222,2026-05-01,PMT-SOL-2026,permanent,piped,flush,electricity,true,wage_work,SRO enumerator,current,2026-07-04T09:00:00Z,SRO-CORE
SEP-00230,HH-003223,2026-05-01,PMT-SOL-2026,permanent,piped,flush,electricity,true,wage_work,SRO enumerator,current,2026-07-04T09:00:00Z,SRO-CORE
SEP-00231,HH-003224,2026-05-01,PMT-SOL-2026,permanent,piped,flush,electricity,true,wage_work,SRO enumerator,current,2026-07-04T09:00:00Z,SRO-CORE
SEP-00232,HH-003225,2026-05-01,PMT-SOL-2026,permanent,piped,flush,electricity,true,wage_work,SRO enumerator,current,2026-07-04T09:00:00Z,SRO-CORE
SEP-00233,HH-003226,2026-05-01,PMT-SOL-2026,permanent,piped,flush,electricity,true,wage_work,SRO enumerator,current,2026-07-04T09:00:00Z,SRO-CORE
SEP-00234,HH-003227,2026-05-01,PMT-SOL-2026,permanent,piped,flush,electricity,true,wage_work,SRO enumerator,current,2026-07-04T09:00:00Z,SRO-CORE
SEP-00235,HH-003228,2026-05-01,PMT-SOL-2026,permanent,piped,flush,electricity,true,wage_work,SRO enumerator,current,2026-07-04T09:00:00Z,SRO-CORE
SEP-00236,HH-003229,2026-05-01,PMT-SOL-2026,permanent,piped,flush,electricity,true,wage_work,SRO enumerator,current,2026-07-04T09:00:00Z,SRO-CORE
SEP-00237,HH-003230,2026-05-01,PMT-SOL-2026,permanent,piped,flush,electricity,true,wage_work,SRO enumerator,current,2026-07-04T09:00:00Z,SRO-CORE
SEP-00238,HH-003231,2026-05-01,PMT-SOL-2026,permanent,piped,flush,electricity,true,wage_work,SRO enumerator,current,2026-07-04T09:00:00Z,SRO-CORE
SEP-00239,HH-003232,2026-05-01,PMT-SOL-2026,permanent,piped,flush,electricity,true,wage_work,SRO enumerator,current,2026-07-04T09:00:00Z,SRO-CORE
SEP-00240,HH-003233,2026-05-01,PMT-SOL-2026,permanent,piped,flush,electricity,true,wage_work,SRO enumerator,current,2026-07-04T09:00:00Z,SRO-CORE
SEP-00241,HH-003234,2026-05-01,PMT-SOL-2026,permanent,piped,flush,electricity,true,wage_work,SRO enumerator,current,2026-07-04T09:00:00Z,SRO-CORE
SEP-00242,HH-003235,2026-05-01,PMT-SOL-2026,permanent,piped,flush,electricity,true,wage_work,SRO enumerator,current,2026-07-04T09:00:00Z,SRO-CORE
SEP-00243,HH-003236,2026-05-01,PMT-SOL-2026,permanent,piped,flush,electricity,true,wage_work,SRO enumerator,current,2026-07-04T09:00:00Z,SRO-CORE
SEP-00244,HH-003237,2026-05-01,PMT-SOL-2026,permanent,piped,flush,electricity,true,wage_work,SRO enumerator,current,2026-07-04T09:00:00Z,SRO-CORE
SEP-00245,HH-003238,2026-05-01,PMT-SOL-2026,permanent,piped,flush,electricity,true,wage_work,SRO enumerator,current,2026-07-04T09:00:00Z,SRO-CORE
SEP-00246,HH-003239,2026-05-01,PMT-SOL-2026,permanent,piped,flush,electricity,true,wage_work,SRO enumerator,current,2026-07-04T09:00:00Z,SRO-CORE
SEP-00247,HH-003240,2026-05-01,PMT-SOL-2026,permanent,piped,flush,electricity,true,wage_work,SRO enumerator,current,2026-07-04T09:00:00Z,SRO-CORE
SEP-00248,HH-003241,2026-05-01,PMT-SOL-2026,permanent,piped,flush,electricity,true,wage_work,SRO enumerator,current,2026-07-04T09:00:00Z,SRO-CORE
SEP-00249,HH-003242,2026-05-01,PMT-SOL-2026,permanent,piped,flush,electricity,true,wage_work,SRO enumerator,current,2026-07-04T09:00:00Z,SRO-CORE
SEP-00250,HH-003243,2026-05-01,PMT-SOL-2026,permanent,piped,flush,electricity,true,wage_work,SRO enumerator,current,2026-07-04T09:00:00Z,SRO-CORE
SEP-00251,HH-003244,2026-05-01,PMT-SOL-2026,permanent,piped,flush,electricity,true,wage_work,SRO enumerator,current,2026-07-04T09:00:00Z,SRO-CORE
SEP-00252,HH-003245,2026-05-01,PMT-SOL-2026,permanent,piped,flush,electricity,true,wage_work,SRO enumerator,current,2026-07-04T09:00:00Z,SRO-CORE
SEP-00253,HH-003246,2026-05-01,PMT-SOL-2026,permanent,piped,flush,electricity,true,wage_work,SRO enumerator,current,2026-07-04T09:00:00Z,SRO-CORE
SEP-00254,HH-003247,2026-05-01,PMT-SOL-2026,permanent,piped,flush,electricity,true,wage_work,SRO enumerator,current,2026-07-04T09:00:00Z,SRO-CORE
SEP-00255,HH-003248,2026-05-01,PMT-SOL-2026,permanent,piped,flush,electricity,true,wage_work,SRO enumerator,current,2026-07-04T09:00:00Z,SRO-CORE
SEP-00256,HH-003249,2026-05-01,PMT-SOL-2026,permanent,piped,flush,electricity,true,wage_work,SRO enumerator,current,2026-07-04T09:00:00Z,SRO-CORE
SEP-00257,HH-003250,2026-05-01,PMT-SOL-2026,permanent,piped,flush,electricity,true,wage_work,SRO enumerator,current,2026-07-04T09:00:00Z,SRO-CORE
SEP-00258,HH-003251,2026-05-01,PMT-SOL-2026,permanent,piped,flush,electricity,true,wage_work,SRO enumerator,current,2026-07-04T09:00:00Z,SRO-CORE
SEP-00259,HH-003252,2026-05-01,PMT-SOL-2026,permanent,piped,flush,electricity,true,wage_work,SRO enumerator,current,2026-07-04T09:00:00Z,SRO-CORE
SEP-00260,HH-003253,2026-05-01,PMT-SOL-2026,permanent,piped,flush,electricity,true,wage_work,SRO enumerator,current,2026-07-04T09:00:00Z,SRO-CORE
SEP-00261,HH-003254,2026-05-01,PMT-SOL-2026,permanent,piped,flush,electricity,true,wage_work,SRO enumerator,current,2026-07-04T09:00:00Z,SRO-CORE
SEP-00262,HH-003255,2026-05-01,PMT-SOL-2026,permanent,piped,flush,electricity,true,wage_work,SRO enumerator,current,2026-07-04T09:00:00Z,SRO-CORE
SEP-00263,HH-003256,2026-05-01,PMT-SOL-2026,permanent,piped,flush,electricity,true,wage_work,SRO enumerator,current,2026-07-04T09:00:00Z,SRO-CORE
SEP-00264,HH-003257,2026-05-01,PMT-SOL-2026,permanent,piped,flush,electricity,true,wage_work,SRO enumerator,current,2026-07-04T09:00:00Z,SRO-CORE
SEP-00265,HH-003258,2026-05-01,PMT-SOL-2026,permanent,piped,flush,electricity,true,wage_work,SRO enumerator,current,2026-07-04T09:00:00Z,SRO-CORE
SEP-00266,HH-003259,2026-05-01,PMT-SOL-2026,permanent,piped,flush,electricity,true,wage_work,SRO enumerator,current,2026-07-04T09:00:00Z,SRO-CORE
SEP-00267,HH-003260,2026-05-01,PMT-SOL-2026,permanent,piped,flush,electricity,true,wage_work,SRO enumerator,current,2026-07-04T09:00:00Z,SRO-CORE
SEP-00268,HH-003261,2026-05-01,PMT-SOL-2026,permanent,piped,flush,electricity,true,wage_work,SRO enumerator,current,2026-07-04T09:00:00Z,SRO-CORE
SEP-00269,HH-003262,2026-05-01,PMT-SOL-2026,permanent,piped,flush,electricity,true,wage_work,SRO enumerator,current,2026-07-04T09:00:00Z,SRO-CORE
SEP-00270,HH-003263,2026-05-01,PMT-SOL-2026,permanent,piped,flush,electricity,true,wage_work,SRO enumerator,current,2026-07-04T09:00:00Z,SRO-CORE
SEP-00271,HH-003264,2026-05-01,PMT-SOL-2026,permanent,piped,flush,electricity,true,wage_work,SRO enumerator,current,2026-07-04T09:00:00Z,SRO-CORE
SEP-00272,HH-003265,2026-05-01,PMT-SOL-2026,permanent,piped,flush,electricity,true,wage_work,SRO enumerator,current,2026-07-04T09:00:00Z,SRO-CORE
SEP-00273,HH-003266,2026-05-01,PMT-SOL-2026,permanent,piped,flush,electricity,true,wage_work,SRO enumerator,current,2026-07-04T09:00:00Z,SRO-CORE
SEP-00274,HH-003267,2026-05-01,PMT-SOL-2026,permanent,piped,flush,electricity,true,wage_work,SRO enumerator,current,2026-07-04T09:00:00Z,SRO-CORE
SEP-00275,HH-003268,2026-05-01,PMT-SOL-2026,permanent,piped,flush,electricity,true,wage_work,SRO enumerator,current,2026-07-04T09:00:00Z,SRO-CORE
SEP-00276,HH-003269,2026-05-01,PMT-SOL-2026,permanent,piped,flush,electricity,true,wage_work,SRO enumerator,current,2026-07-04T09:00:00Z,SRO-CORE
SEP-00277,HH-003270,2026-05-01,PMT-SOL-2026,permanent,piped,flush,electricity,true,wage_work,SRO enumerator,current,2026-07-04T09:00:00Z,SRO-CORE
SEP-00278,HH-003271,2026-05-01,PMT-SOL-2026,permanent,piped,flush,electricity,true,wage_work,SRO enumerator,current,2026-07-04T09:00:00Z,SRO-CORE
SEP-00279,HH-003272,2026-05-01,PMT-SOL-2026,permanent,piped,flush,electricity,true,wage_work,SRO enumerator,current,2026-07-04T09:00:00Z,SRO-CORE
SEP-00280,HH-003273,2026-05-01,PMT-SOL-2026,permanent,piped,flush,electricity,true,wage_work,SRO enumerator,current,2026-07-04T09:00:00Z,SRO-CORE
